,beat_fitness,reg_equation
0,4.565196294103099e-06,"protectedDiv(1296.8181906334576, add(add(x3, -4370.496698025259), add(789.6899498818639, 1296.8181906334576)))"
