,beat_fitness,reg_equation
0,0.011207738410605501,"mul(-5.015994725845303, -0.06678247664785886)"
