,beat_fitness,reg_equation
0,0.0073779034656320415,"mul(-0.5034511317189754, -0.5034511317189754)"
