,beat_fitness,reg_equation
0,7.62746021014841e-07,"protectedDiv(add(x1, -2602.5354778523815), sub(neg(-2602.5354778523815), add(x1, x3)))"
