,beat_fitness,reg_equation
0,0.007094199349330652,"mul(mul(-0.04496192633268947, -0.04496192633268947), mul(-0.04496192633268947, -3020.396411958908))"
