,beat_fitness,reg_equation
0,3353703105.87716,"add(add(add(9579.021238208024, 9256.240982094463), add(9256.240982094463, 9428.5123213896)), add(add(9963.194642523053, x), add(9452.794315196512, 7614.995028738151)))"
