,beat_fitness,reg_equation
0,197410.13628684886,"mul(x, mul(x, 3.157662742669345))"
