,beat_fitness,reg_equation
0,1.3076923252394317,"protectedDiv(protectedDiv(x, protectedDiv(3018.6429528727986, x)), protectedDiv(protectedDiv(3018.6429528727986, 9483.471377300702), 3018.6429528727986))"
