,beat_fitness,reg_equation
0,4761726.262703939,"mul(mul(3.220517868427123, x), x)"
