,beat_fitness,reg_equation
0,3353703105.877274,"add(add(add(9751.925324810414, x), add(9315.514380741035, 9180.672919504465)), add(add(8252.447968705437, 9015.11811494514), add(9283.40985944233, 9751.925324810414)))"
