,beat_fitness,reg_equation
0,5471.327372221466,"mul(3.13891730787509, mul(x, x))"
