,beat_fitness,reg_equation
0,3353703105.8771496,"add(add(add(9212.474451490376, 9215.279110822958), add(9557.231122174198, 9557.231122174198)), add(add(x, 9330.411248782806), add(8635.5498424031, 9042.825624657497)))"
